-- phpMyAdmin SQL Dump
-- version 5.0.4
-- https://www.phpmyadmin.net/
--
-- Host: 127.0.0.1
-- Generation Time: Jun 22, 2021 at 03:14 AM
-- Server version: 10.4.17-MariaDB
-- PHP Version: 7.4.13

SET SQL_MODE = "NO_AUTO_VALUE_ON_ZERO";
START TRANSACTION;
SET time_zone = "+00:00";


/*!40101 SET @OLD_CHARACTER_SET_CLIENT=@@CHARACTER_SET_CLIENT */;
/*!40101 SET @OLD_CHARACTER_SET_RESULTS=@@CHARACTER_SET_RESULTS */;
/*!40101 SET @OLD_COLLATION_CONNECTION=@@COLLATION_CONNECTION */;
/*!40101 SET NAMES utf8mb4 */;

--
-- Database: `hadijaya`
--

-- --------------------------------------------------------

--
-- Table structure for table `ci_sessions`
--

DROP TABLE IF EXISTS `ci_sessions`;
CREATE TABLE `ci_sessions` (
  `id` varchar(128) NOT NULL,
  `ip_address` varchar(45) NOT NULL,
  `timestamp` int(10) UNSIGNED NOT NULL DEFAULT 0,
  `data` blob NOT NULL
) ENGINE=InnoDB DEFAULT CHARSET=utf8mb4;

--
-- Dumping data for table `ci_sessions`
--

INSERT INTO `ci_sessions` (`id`, `ip_address`, `timestamp`, `data`) VALUES
('nh2h85rl0sug37e8dtcfgqrc4d7o9c27', '::1', 1619971464, 0x5f5f63695f6c6173745f726567656e65726174657c693a313631393937313436343b),
('p1r5m6ad0gho44noleiu3vf40sq4qbk7', '::1', 1619973639, 0x5f5f63695f6c6173745f726567656e65726174657c693a313631393937333633393b),
('glb8ltfrvc6r0uoa4ivpihqs526o8v3p', '::1', 1619974000, 0x5f5f63695f6c6173745f726567656e65726174657c693a313631393937343030303b7265646972656374696f6e7c4e3b),
('60pa6bnm27hl15arm4qfdnsrj216sac1', '::1', 1619974607, 0x5f5f63695f6c6173745f726567656e65726174657c693a313631393937343630373b7265646972656374696f6e7c4e3b5f5f4143544956455f53455353494f4e5f444154417c733a3235363a2262643634333163646339353634393364663062346535643131663436343638333237666630393330373062626637303634616266323434383334656332383433653831313035333438623631306435306131333663333465373161346163346135633531373031626639383465613730623966353436646236326634313432354e577a71446f3946392f72545037444a4b4733506e4a4e713174544e7157714f6c64544649334c6e4454675545444f504976775933714d4e337670777a556758714e645a66715a44576e722f6b414679506b652b69744670384635655448476c512b4777644f776f714b39335a4e3175364334506f363847445a545162766d33223b),
('6jj4htoa08uds4ipl88oar78uib9mic0', '::1', 1619974947, 0x5f5f63695f6c6173745f726567656e65726174657c693a313631393937343934373b5f5f4143544956455f53455353494f4e5f444154417c733a3235363a22616334633737653032653531663034653162616331313633303932623438313430323964623666316232303566326331616561616462303335643339616631363036393233643762663264373364363138323536613965323266623737343336356631353165313235346333396236386466393062336662646531343337396561412f67454149716b575a304e325435584a4175534952344244776b6638584241723876524e3468434a77505576485462654379423430346c334b732f496b4b436e4d4d357a707558454b7836627943587737757650527a31396e735a595173312b6e526d6c74687033694e5853363531446c2b336e7971344a674d4b704c45223b),
('mkpfag5t076lvkraup4j1hl4er3sjbn0', '::1', 1619975084, 0x5f5f63695f6c6173745f726567656e65726174657c693a313631393937343934373b5f5f4143544956455f53455353494f4e5f444154417c733a3235363a2231613663363865316538623564316534326531303630633737653562316266643763333736373065393063363730663131346430323337383430386437613938363833336134613431333139636561316662323730313236363938356337666261366561383739333461613935333965663865313638376265326365313662304b757a5653494c62434e73366f61427a776e3273505158574f7a45304e4a5857704a6d47506458786c643239527731394446585a546141563265755143516e6f4f667746666f31594249346b444d6964636f347845726f6a492f6c4e564b775249476d435a716831326e52547a5a74676738686d507554527442595946325062223b7265646972656374696f6e7c4e3b6f726465725f666c6173687c733a32363a2253746174757320626572686173696c2064697065726261727569223b5f5f63695f766172737c613a313a7b733a31313a226f726465725f666c617368223b733a333a226f6c64223b7d),
('ojam30rdjfof9fubdov3bdb48s0520i6', '127.0.0.1', 1619975089, 0x5f5f63695f6c6173745f726567656e65726174657c693a313631393937343936393b5f5f4143544956455f53455353494f4e5f444154417c733a3235363a223433336436373235323135626562616438303562366632383166656266306664396430356639656464306462613661643032303230353463323630303138323863633561383630333337323433393930346165653766616536306439646264646333616435383765366335333237643966356133323631626139373036643537365754705675797258396a4d4a306a73456e54744e4e48495771796136334c4c59432b4a5a586a58752b4555726b6c506738466c5856346d637a6763656546794134446741455570793746693857784e51336373745247526c366447704a7a72395573703745657139657633536759564a30586349627161464e326b4c397433223b),
('kgqhae3rr2r9cm1bhvk638dhf4c0o7nl', '::1', 1620051916, 0x5f5f63695f6c6173745f726567656e65726174657c693a313632303035313931363b5f5f4143544956455f53455353494f4e5f444154417c733a3235363a223339366463376662333664363165663566643835356232626439656466633563336366303539336436616634353038396162313561316533643339636233663632346330393464646136346430376338336530336534613536356438633337323062393338656231333666313861333966353732313239663538313839303333615154305146444843447942784b686c7076555a7a4953765a72426f353653584877726735646e7850615865766a576f464576414e795555567066654b30436a706f6f55726a687a626e7536413977484c322b412f7169324d4d784f74615670685841316c716a75306b555238304c6f3968457177656c3578474877674b2b71223b),
('6bausplen2lq1d009rgus6hv299i6svp', '::1', 1620052604, 0x5f5f63695f6c6173745f726567656e65726174657c693a313632303035323630343b5f5f4143544956455f53455353494f4e5f444154417c733a3235363a223339366463376662333664363165663566643835356232626439656466633563336366303539336436616634353038396162313561316533643339636233663632346330393464646136346430376338336530336534613536356438633337323062393338656231333666313861333966353732313239663538313839303333615154305146444843447942784b686c7076555a7a4953765a72426f353653584877726735646e7850615865766a576f464576414e795555567066654b30436a706f6f55726a687a626e7536413977484c322b412f7169324d4d784f74615670685841316c716a75306b555238304c6f3968457177656c3578474877674b2b71223b73657474696e67735f666c6173687c733a33303a2250656e6761747572616e20626572686173696c2064697065726261727569223b5f5f63695f766172737c613a313a7b733a31343a2273657474696e67735f666c617368223b733a333a226f6c64223b7d),
('c1n7ncbf2dlvmeqhjnrr307cjmfvc7r5', '::1', 1620052604, 0x5f5f63695f6c6173745f726567656e65726174657c693a313632303035323630343b5f5f4143544956455f53455353494f4e5f444154417c733a3235363a223339366463376662333664363165663566643835356232626439656466633563336366303539336436616634353038396162313561316533643339636233663632346330393464646136346430376338336530336534613536356438633337323062393338656231333666313861333966353732313239663538313839303333615154305146444843447942784b686c7076555a7a4953765a72426f353653584877726735646e7850615865766a576f464576414e795555567066654b30436a706f6f55726a687a626e7536413977484c322b412f7169324d4d784f74615670685841316c716a75306b555238304c6f3968457177656c3578474877674b2b71223b73657474696e67735f666c6173687c733a33303a2250656e6761747572616e20626572686173696c2064697065726261727569223b5f5f63695f766172737c613a313a7b733a31343a2273657474696e67735f666c617368223b733a333a226f6c64223b7d),
('vg1tu1jhp75b2u837uv1585em9rb1n3i', '::1', 1620094106, 0x5f5f63695f6c6173745f726567656e65726174657c693a313632303039343130363b5f5f4143544956455f53455353494f4e5f444154417c733a3235363a2232376365633962316662393434316330366364623036383132346630333364306562393334313864376361346163313337373265643238333564346330323462623135666261373434346539353764643034336631303230383363376432613561376632303730633134653833623734393131333864663230396462343937634a587259724948465657516a443877445547614d7478784256544672615956454430734530396f49486d553369696b77416c54723472663773726a4e4931523576316176544c48654a64736949696d5159424e4a6972794e5a78784968564634666d4261446a765a7439756c426d4d387955595a762f4a6c6838564a72763176223b),
('n54run55igev998b7234roh5e4kn9dah', '::1', 1620094427, 0x5f5f63695f6c6173745f726567656e65726174657c693a313632303039343432373b5f5f4143544956455f53455353494f4e5f444154417c733a3235363a2232376365633962316662393434316330366364623036383132346630333364306562393334313864376361346163313337373265643238333564346330323462623135666261373434346539353764643034336631303230383363376432613561376632303730633134653833623734393131333864663230396462343937634a587259724948465657516a443877445547614d7478784256544672615956454430734530396f49486d553369696b77416c54723472663773726a4e4931523576316176544c48654a64736949696d5159424e4a6972794e5a78784968564634666d4261446a765a7439756c426d4d387955595a762f4a6c6838564a72763176223b),
('i8d4edpmuripoalua25afphsmpa3fptm', '::1', 1620096086, 0x5f5f63695f6c6173745f726567656e65726174657c693a313632303039363038363b5f5f4143544956455f53455353494f4e5f444154417c733a3235363a2232376365633962316662393434316330366364623036383132346630333364306562393334313864376361346163313337373265643238333564346330323462623135666261373434346539353764643034336631303230383363376432613561376632303730633134653833623734393131333864663230396462343937634a587259724948465657516a443877445547614d7478784256544672615956454430734530396f49486d553369696b77416c54723472663773726a4e4931523576316176544c48654a64736949696d5159424e4a6972794e5a78784968564634666d4261446a765a7439756c426d4d387955595a762f4a6c6838564a72763176223b),
('qp76qqrj9epp0qdo3ab6tciakr12gl2h', '::1', 1620097330, 0x5f5f63695f6c6173745f726567656e65726174657c693a313632303039373333303b5f5f4143544956455f53455353494f4e5f444154417c733a3235363a2232376365633962316662393434316330366364623036383132346630333364306562393334313864376361346163313337373265643238333564346330323462623135666261373434346539353764643034336631303230383363376432613561376632303730633134653833623734393131333864663230396462343937634a587259724948465657516a443877445547614d7478784256544672615956454430734530396f49486d553369696b77416c54723472663773726a4e4931523576316176544c48654a64736949696d5159424e4a6972794e5a78784968564634666d4261446a765a7439756c426d4d387955595a762f4a6c6838564a72763176223b),
('d9ovji9rold82610pkd4c88gcagoa3hk', '::1', 1620097639, 0x5f5f63695f6c6173745f726567656e65726174657c693a313632303039373633393b5f5f4143544956455f53455353494f4e5f444154417c733a3235363a2232376365633962316662393434316330366364623036383132346630333364306562393334313864376361346163313337373265643238333564346330323462623135666261373434346539353764643034336631303230383363376432613561376632303730633134653833623734393131333864663230396462343937634a587259724948465657516a443877445547614d7478784256544672615956454430734530396f49486d553369696b77416c54723472663773726a4e4931523576316176544c48654a64736949696d5159424e4a6972794e5a78784968564634666d4261446a765a7439756c426d4d387955595a762f4a6c6838564a72763176223b73657474696e67735f666c6173687c733a33303a2250656e6761747572616e20626572686173696c2064697065726261727569223b5f5f63695f766172737c613a313a7b733a31343a2273657474696e67735f666c617368223b733a333a226f6c64223b7d),
('399156cef2ub2g1ij0ohbjlue6s56hv3', '::1', 1620097962, 0x5f5f63695f6c6173745f726567656e65726174657c693a313632303039373936323b5f5f4143544956455f53455353494f4e5f444154417c733a3235363a2232376365633962316662393434316330366364623036383132346630333364306562393334313864376361346163313337373265643238333564346330323462623135666261373434346539353764643034336631303230383363376432613561376632303730633134653833623734393131333864663230396462343937634a587259724948465657516a443877445547614d7478784256544672615956454430734530396f49486d553369696b77416c54723472663773726a4e4931523576316176544c48654a64736949696d5159424e4a6972794e5a78784968564634666d4261446a765a7439756c426d4d387955595a762f4a6c6838564a72763176223b),
('fnpaf4ou2novdoe3avvcu9s8okgtfned', '::1', 1620098306, 0x5f5f63695f6c6173745f726567656e65726174657c693a313632303039383330363b5f5f4143544956455f53455353494f4e5f444154417c733a3235363a2232376365633962316662393434316330366364623036383132346630333364306562393334313864376361346163313337373265643238333564346330323462623135666261373434346539353764643034336631303230383363376432613561376632303730633134653833623734393131333864663230396462343937634a587259724948465657516a443877445547614d7478784256544672615956454430734530396f49486d553369696b77416c54723472663773726a4e4931523576316176544c48654a64736949696d5159424e4a6972794e5a78784968564634666d4261446a765a7439756c426d4d387955595a762f4a6c6838564a72763176223b),
('tk0lepabupisnsm9ootaita0qqc62p91', '::1', 1620098699, 0x5f5f63695f6c6173745f726567656e65726174657c693a313632303039383639393b5f5f4143544956455f53455353494f4e5f444154417c733a3235363a2232376365633962316662393434316330366364623036383132346630333364306562393334313864376361346163313337373265643238333564346330323462623135666261373434346539353764643034336631303230383363376432613561376632303730633134653833623734393131333864663230396462343937634a587259724948465657516a443877445547614d7478784256544672615956454430734530396f49486d553369696b77416c54723472663773726a4e4931523576316176544c48654a64736949696d5159424e4a6972794e5a78784968564634666d4261446a765a7439756c426d4d387955595a762f4a6c6838564a72763176223b),
('k9su0adh49iecbfcjj69ahr8cndu6m8g', '::1', 1620100655, 0x5f5f63695f6c6173745f726567656e65726174657c693a313632303130303635353b5f5f4143544956455f53455353494f4e5f444154417c733a3235363a2232376365633962316662393434316330366364623036383132346630333364306562393334313864376361346163313337373265643238333564346330323462623135666261373434346539353764643034336631303230383363376432613561376632303730633134653833623734393131333864663230396462343937634a587259724948465657516a443877445547614d7478784256544672615956454430734530396f49486d553369696b77416c54723472663773726a4e4931523576316176544c48654a64736949696d5159424e4a6972794e5a78784968564634666d4261446a765a7439756c426d4d387955595a762f4a6c6838564a72763176223b73657474696e67735f666c6173687c733a32373a22426572686173696c206d656e616d62616820646174612062616e6b223b5f5f63695f766172737c613a313a7b733a31343a2273657474696e67735f666c617368223b733a333a226f6c64223b7d),
('brgcc1qnr7dlgabsccshm9figm81rdip', '::1', 1620099000, 0x5f5f63695f6c6173745f726567656e65726174657c693a313632303039393030303b5f5f4143544956455f53455353494f4e5f444154417c733a3235363a2232376365633962316662393434316330366364623036383132346630333364306562393334313864376361346163313337373265643238333564346330323462623135666261373434346539353764643034336631303230383363376432613561376632303730633134653833623734393131333864663230396462343937634a587259724948465657516a443877445547614d7478784256544672615956454430734530396f49486d553369696b77416c54723472663773726a4e4931523576316176544c48654a64736949696d5159424e4a6972794e5a78784968564634666d4261446a765a7439756c426d4d387955595a762f4a6c6838564a72763176223b73657474696e67735f666c6173687c733a33303a2250656e6761747572616e20626572686173696c2064697065726261727569223b5f5f63695f766172737c613a313a7b733a31343a2273657474696e67735f666c617368223b733a333a226e6577223b7d),
('1og7pgtc34a46idost0uuhifdm3nhd50', '127.0.0.1', 1620099383, 0x5f5f63695f6c6173745f726567656e65726174657c693a313632303039393338333b5f5f4143544956455f53455353494f4e5f444154417c733a3235363a2237623937663132313139616232376131383832313665336435613662316237333033363930333932373637393631333039323266356234666135633839663562326136396265393134656539383030373330373737366666303233633738646332656538386566376436376363633435663834373364343630633865656533656a526c55526651396d414c532b6f54416c4164345a62646e47516e6479522f70376a3066454778384e6b4c376c6b3768793651384b38544353754e68524167664330782b7366704d785471796e774d617676754247356d73305a512b4d53655470466f6e5464392b69564b306d5450516b332f4f6b6f532b3562327042693567223b),
('55jumuo7gblbhpdtrma4hvipgdu7d8pb', '127.0.0.1', 1620099574, 0x5f5f63695f6c6173745f726567656e65726174657c693a313632303039393338333b5f5f4143544956455f53455353494f4e5f444154417c733a3235363a2237623937663132313139616232376131383832313665336435613662316237333033363930333932373637393631333039323266356234666135633839663562326136396265393134656539383030373330373737366666303233633738646332656538386566376436376363633435663834373364343630633865656533656a526c55526651396d414c532b6f54416c4164345a62646e47516e6479522f70376a3066454778384e6b4c376c6b3768793651384b38544353754e68524167664330782b7366704d785471796e774d617676754247356d73305a512b4d53655470466f6e5464392b69564b306d5450516b332f4f6b6f532b3562327042693567223b),
('tp8h1r0gn8sm6elk9lkqr67adpcvdggm', '::1', 1620101053, 0x5f5f63695f6c6173745f726567656e65726174657c693a313632303130313035333b5f5f4143544956455f53455353494f4e5f444154417c733a3235363a2232376365633962316662393434316330366364623036383132346630333364306562393334313864376361346163313337373265643238333564346330323462623135666261373434346539353764643034336631303230383363376432613561376632303730633134653833623734393131333864663230396462343937634a587259724948465657516a443877445547614d7478784256544672615956454430734530396f49486d553369696b77416c54723472663773726a4e4931523576316176544c48654a64736949696d5159424e4a6972794e5a78784968564634666d4261446a765a7439756c426d4d387955595a762f4a6c6838564a72763176223b),
('ngm7k6q3b26bjk4enrr6thi61h71828c', '::1', 1620101054, 0x5f5f63695f6c6173745f726567656e65726174657c693a313632303130313035333b5f5f4143544956455f53455353494f4e5f444154417c733a3235363a2232376365633962316662393434316330366364623036383132346630333364306562393334313864376361346163313337373265643238333564346330323462623135666261373434346539353764643034336631303230383363376432613561376632303730633134653833623734393131333864663230396462343937634a587259724948465657516a443877445547614d7478784256544672615956454430734530396f49486d553369696b77416c54723472663773726a4e4931523576316176544c48654a64736949696d5159424e4a6972794e5a78784968564634666d4261446a765a7439756c426d4d387955595a762f4a6c6838564a72763176223b),
('vpsu99i6o6vq66d3hmdr4dqrv3rr6lju', '127.0.0.1', 1620357908, 0x5f5f63695f6c6173745f726567656e65726174657c693a313632303335373635353b5f5f4143544956455f53455353494f4e5f444154417c733a3235363a2234626236343332613561386464326366353037663064613834663436306234393461363565313266623635316630663364623163633930363434376236333461366137623830363861376663353365383235366266666461343231613539363338333163303538393136376531356365663436373266643861386232383361636b4748786630466f59636b3267334d4d42594f552b51715735437a4d546d56673841636656692f4d326d2b75426a70585069557745452b495a6c6169564658726157536f6b6e343038714d48597652476e76304d6d565477454253684452615339774e5653304d764b67326c78746269732f6e324a374a4c73534b3554705653223b73746f72655f666c6173687c733a32363a2250656e646166746172616e20616b756e20626572686173696c21223b5f5f63695f766172737c613a313a7b733a31313a2273746f72655f666c617368223b733a333a226f6c64223b7d),
('rqgr4u1o3qibinse0cfev11b9ra221bq', '::1', 1624277113, 0x5f5f63695f6c6173745f726567656e65726174657c693a313632343237373131333b),
('l5l4tm9012j1rqv2m79ktudv4kckbkqh', '::1', 1624277425, 0x5f5f63695f6c6173745f726567656e65726174657c693a313632343237373432353b7265646972656374696f6e7c4e3b5f5f4143544956455f53455353494f4e5f444154417c733a3235363a2236383733626236643665636161373330303764663037373335333134316134636237643263396336316661326238343936653938336532386232343034643132373065623337313135613433376261373266373139313336383536613137306238626433646138623139363537396638316334326166393737623066663438656364656135424232675375656e656847354f394231416c696e79794b4a2b7666535538576a4a6b3753755044334b4647596f7133504d66716e6d625352396957414f6a7a5173455a44483733346e73713553636d666d655635484e362b71304a702b5073435638354d6d6d4579547861746d586c61392f62516f547861514465223b),
('g6jdsb9ji1qqig8h0uh8qtf6r8ebj26r', '::1', 1624277768, 0x5f5f63695f6c6173745f726567656e65726174657c693a313632343237373736383b7265646972656374696f6e7c4e3b5f5f4143544956455f53455353494f4e5f444154417c733a3235363a2236383733626236643665636161373330303764663037373335333134316134636237643263396336316661326238343936653938336532386232343034643132373065623337313135613433376261373266373139313336383536613137306238626433646138623139363537396638316334326166393737623066663438656364656135424232675375656e656847354f394231416c696e79794b4a2b7666535538576a4a6b3753755044334b4647596f7133504d66716e6d625352396957414f6a7a5173455a44483733346e73713553636d666d655635484e362b71304a702b5073435638354d6d6d4579547861746d586c61392f62516f547861514465223b),
('9o3hbcfd9gu50ujofvdajn05dhtjcrk0', '::1', 1624278148, 0x5f5f63695f6c6173745f726567656e65726174657c693a313632343237383134383b7265646972656374696f6e7c4e3b5f5f4143544956455f53455353494f4e5f444154417c733a3235363a2236383733626236643665636161373330303764663037373335333134316134636237643263396336316661326238343936653938336532386232343034643132373065623337313135613433376261373266373139313336383536613137306238626433646138623139363537396638316334326166393737623066663438656364656135424232675375656e656847354f394231416c696e79794b4a2b7666535538576a4a6b3753755044334b4647596f7133504d66716e6d625352396957414f6a7a5173455a44483733346e73713553636d666d655635484e362b71304a702b5073435638354d6d6d4579547861746d586c61392f62516f547861514465223b6164645f6e65775f70726f647563745f666c6173687c733a33333a2250726f64756b206261727520626572686173696c20646974616d6261686b616e21223b5f5f63695f766172737c613a313a7b733a32313a226164645f6e65775f70726f647563745f666c617368223b733a333a226f6c64223b7d),
('pgna3o5uneqf6vtp64p3vtejrf538bl5', '::1', 1624278724, 0x5f5f63695f6c6173745f726567656e65726174657c693a313632343237383732343b7265646972656374696f6e7c4e3b5f5f4143544956455f53455353494f4e5f444154417c733a3235363a2236383733626236643665636161373330303764663037373335333134316134636237643263396336316661326238343936653938336532386232343034643132373065623337313135613433376261373266373139313336383536613137306238626433646138623139363537396638316334326166393737623066663438656364656135424232675375656e656847354f394231416c696e79794b4a2b7666535538576a4a6b3753755044334b4647596f7133504d66716e6d625352396957414f6a7a5173455a44483733346e73713553636d666d655635484e362b71304a702b5073435638354d6d6d4579547861746d586c61392f62516f547861514465223b),
('2clqj7pm55k7ndagg1qi737pi36eqsgm', '::1', 1624278730, 0x5f5f63695f6c6173745f726567656e65726174657c693a313632343237383732343b7265646972656374696f6e7c4e3b5f5f4143544956455f53455353494f4e5f444154417c733a3235363a2236383733626236643665636161373330303764663037373335333134316134636237643263396336316661326238343936653938336532386232343034643132373065623337313135613433376261373266373139313336383536613137306238626433646138623139363537396638316334326166393737623066663438656364656135424232675375656e656847354f394231416c696e79794b4a2b7666535538576a4a6b3753755044334b4647596f7133504d66716e6d625352396957414f6a7a5173455a44483733346e73713553636d666d655635484e362b71304a702b5073435638354d6d6d4579547861746d586c61392f62516f547861514465223b),
('0oopmjepplu3kumkiqoueggiks4q2eda', '::1', 1624299651, 0x5f5f63695f6c6173745f726567656e65726174657c693a313632343239393635313b),
('s0jdjscugvp9isc28lundg7ceitjan6s', '::1', 1624300016, 0x5f5f63695f6c6173745f726567656e65726174657c693a313632343330303031363b),
('65u84skit5tlbv7cftnb80a4etceuqhe', '::1', 1624300393, 0x5f5f63695f6c6173745f726567656e65726174657c693a313632343330303339333b7265646972656374696f6e7c4e3b5f5f4143544956455f53455353494f4e5f444154417c733a3235363a2230323430346466356261376465623135613533363030646533666632303866663733643566383739613934313530326439386235653534346533376630613161623862303538373131643662343535306565616664346139653666353136323330363837623864663834316535343836356438353038636137303239336361354c4f575254424a3667616874777465304b6e614b655174725652325668733078686e624234444e48645333367333517a2b45796d7a536f343339366174354e6f6a417a3661656b306a4d347246373663537736717778374c56396d356e475051744743525845522b63533075426f61427a79504b704b6c67324761376436724a223b),
('fksl6ji5amma8nerr9gl4bbq3cqhkuk9', '::1', 1624300818, 0x5f5f63695f6c6173745f726567656e65726174657c693a313632343330303831383b7265646972656374696f6e7c4e3b5f5f4143544956455f53455353494f4e5f444154417c733a3235363a226133643565383162353566636230613932313665386531366161396135363762396434323836373839333766633165663861316432313330396563326165646636316432303061663434393966353231313063643265626532633865336234303261306238303738376531666166396430666265623932333035336665623532373052774255385a34756f6b6941647338775745684953695541765764583759742b4e4866667357796965747254715671482b34734a5a6a5066723165332f6237457259734b6b4a3634352b5876474a31306e53414d4949777a4161424f44326453566f65304d43504b44364534412b59446f6c4165304b46324c5436655a42223b),
('1fe7koq53phftpoglcda7mahec6rbc4o', '::1', 1624300543, 0x5f5f63695f6c6173745f726567656e65726174657c693a313632343330303532373b7265646972656374696f6e7c4e3b5f5f4143544956455f53455353494f4e5f444154417c733a3235363a223664663636353537653566653837313139616235376563356434396266396361313132616531303030303961326366363138316639316334666637643839396565616236386534626235666338336138316363373961663431313264396633663537343965616461373638396563663762613235343462633237343336353034654b6e6b58542f62474e6b65416f35664b5450785a5035527832366643537a765865664f54683831674e73775a6e304b4933755369704f2b524d7a52316867484a4b317a514a6a56304762457333346b6c516c68674c6c506d48443034412f416733794e4b694f3431334e2b73476e4d63574c7072587247756a377967445039223b),
('jftdsph99ab01ftqo3smcm828bfq6otc', '::1', 1624301446, 0x5f5f63695f6c6173745f726567656e65726174657c693a313632343330313434363b7265646972656374696f6e7c4e3b),
('asl483lfdajpq0plijua83adtjtb4aau', '::1', 1624301774, 0x5f5f63695f6c6173745f726567656e65726174657c693a313632343330313737343b5f5f4143544956455f53455353494f4e5f444154417c733a3235363a2230613332643239393830363062643034613037306234333961613437393135636433336531333161366336393731346537353731356564383033613536363265363964353936316461393330323038373465303461303833666635306130663531376465623365333037343765613136613133613832353832376538616331644a72614e35494165496b746f334e563161454c3778707930317953394b42365339363576696f4a577a627550413249627a6c686d354a72597136745379632b66615a66446863614d366777434831497943484b475a64734c645a76745248556b4c4664697059363136784d675a37357a4d6659754e4a6942514d4173414b6b7a223b7265646972656374696f6e7c733a37363a226148523063446f764c327876593246736147397a6443396f59575270616d463559533970626d526c6543357761484176595752746157347662334a6b5a584a7a4c334e305958523163773d3d223b),
('gv9673k0q1mhpba4krjjal964sb7c70d', '::1', 1624301851, 0x5f5f63695f6c6173745f726567656e65726174657c693a313632343330313737343b5f5f4143544956455f53455353494f4e5f444154417c733a3235363a22303362616536623734313032366537643830623964666163663233303338623335373730393839663432663362646434653866313465323937346132623039356538313735653961613363666133623135303833656232323632303365313931303135626266643465313762323031393038346539346430386333616464313655436b4d4c314d6b492b6e32567a374839394930726a583941736976476a37356d6b312f356f382f4a70422f70617371447376644a7831595766313633687053597638546d2f4f56333376566e395749703433787275586c67465862363549325252485262514c6f78396c307254427548573653655a77677765667778417757223b);

-- --------------------------------------------------------

--
-- Table structure for table `contacts`
--

DROP TABLE IF EXISTS `contacts`;
CREATE TABLE `contacts` (
  `id` int(10) NOT NULL,
  `parent_id` int(10) DEFAULT NULL,
  `name` varchar(32) NOT NULL,
  `subject` varchar(128) DEFAULT NULL,
  `email` varchar(64) NOT NULL,
  `message` mediumtext NOT NULL,
  `contact_date` datetime DEFAULT NULL,
  `status` tinyint(1) DEFAULT 1,
  `reply_at` datetime DEFAULT NULL
) ENGINE=InnoDB DEFAULT CHARSET=utf8mb4;

-- --------------------------------------------------------

--
-- Table structure for table `coupons`
--

DROP TABLE IF EXISTS `coupons`;
CREATE TABLE `coupons` (
  `id` bigint(20) NOT NULL,
  `name` varchar(191) NOT NULL,
  `code` varchar(32) NOT NULL,
  `credit` decimal(8,2) NOT NULL,
  `start_date` date NOT NULL,
  `expired_date` date NOT NULL,
  `is_active` tinyint(4) DEFAULT 1
) ENGINE=InnoDB DEFAULT CHARSET=utf8mb4;

-- --------------------------------------------------------

--
-- Table structure for table `customers`
--

DROP TABLE IF EXISTS `customers`;
CREATE TABLE `customers` (
  `id` bigint(20) NOT NULL,
  `user_id` bigint(20) UNSIGNED DEFAULT NULL,
  `name` varchar(191) NOT NULL,
  `phone_number` varchar(32) DEFAULT NULL,
  `address` varchar(191) NOT NULL,
  `profile_picture` varchar(191) DEFAULT NULL
) ENGINE=InnoDB DEFAULT CHARSET=utf8mb4;

--
-- Dumping data for table `customers`
--

INSERT INTO `customers` (`id`, `user_id`, `name`, `phone_number`, `address`, `profile_picture`) VALUES
(6, 7, 'Agung Tri Saputra', '081328907767', 'Kost Indah Jaya Belakang No. 19, Jl. Medan Baru VI, Kandang Limun, Bengkulu', 'agung.png'),
(8, 9, 'EVELYN SIERRA', '08124567890', 'JL BILA', NULL);

-- --------------------------------------------------------

--
-- Table structure for table `orders`
--

DROP TABLE IF EXISTS `orders`;
CREATE TABLE `orders` (
  `id` bigint(20) NOT NULL,
  `user_id` bigint(20) UNSIGNED DEFAULT NULL,
  `coupon_id` bigint(20) DEFAULT NULL,
  `order_number` varchar(16) NOT NULL,
  `order_status` enum('1','2','3','4','5') DEFAULT '1',
  `order_date` datetime NOT NULL,
  `total_price` decimal(8,2) DEFAULT NULL,
  `total_items` int(10) DEFAULT NULL,
  `payment_method` int(11) DEFAULT 1,
  `delivery_data` text DEFAULT NULL,
  `delivered_date` datetime DEFAULT NULL,
  `finish_date` datetime DEFAULT NULL
) ENGINE=InnoDB DEFAULT CHARSET=utf8mb4;

--
-- Dumping data for table `orders`
--

INSERT INTO `orders` (`id`, `user_id`, `coupon_id`, `order_number`, `order_status`, `order_date`, `total_price`, `total_items`, `payment_method`, `delivery_data`, `delivered_date`, `finish_date`) VALUES
(12, 9, NULL, 'VLJ2162119165', '4', '2021-06-21 20:53:04', '439900.00', 1, 1, '{\"customer\":{\"name\":\"EVELYN SIERRA\",\"phone_number\":\"08124567890\",\"address\":\"JL BILAL\"},\"note\":\"-\"}', NULL, NULL);

-- --------------------------------------------------------

--
-- Table structure for table `order_items`
--

DROP TABLE IF EXISTS `order_items`;
CREATE TABLE `order_items` (
  `id` bigint(20) NOT NULL,
  `order_id` bigint(20) DEFAULT NULL,
  `product_id` bigint(20) DEFAULT NULL,
  `order_qty` int(10) NOT NULL,
  `order_price` decimal(8,2) DEFAULT NULL
) ENGINE=InnoDB DEFAULT CHARSET=utf8mb4;

--
-- Dumping data for table `order_items`
--

INSERT INTO `order_items` (`id`, `order_id`, `product_id`, `order_qty`, `order_price`) VALUES
(19, 12, 17, 1, '439900.00');

-- --------------------------------------------------------

--
-- Table structure for table `payments`
--

DROP TABLE IF EXISTS `payments`;
CREATE TABLE `payments` (
  `id` bigint(20) NOT NULL,
  `order_id` bigint(20) DEFAULT NULL,
  `payment_price` decimal(8,2) DEFAULT NULL,
  `payment_date` datetime NOT NULL,
  `picture_name` varchar(191) DEFAULT NULL,
  `payment_status` enum('1','2','3') DEFAULT '1',
  `confirmed_date` datetime DEFAULT NULL,
  `payment_data` text DEFAULT NULL
) ENGINE=InnoDB DEFAULT CHARSET=utf8mb4;

--
-- Dumping data for table `payments`
--

INSERT INTO `payments` (`id`, `order_id`, `payment_price`, `payment_date`, `picture_name`, `payment_status`, `confirmed_date`, `payment_data`) VALUES
(7, 12, '439900.00', '2021-06-21 20:53:48', 'bg_2.jpg', '2', NULL, '{\"transfer_to\":\"bank-jago-xx\",\"source\":{\"bank\":\"BCA\",\"name\":\"evelyn sierra\",\"number\":\"1478523698\"}}');

-- --------------------------------------------------------

--
-- Table structure for table `products`
--

DROP TABLE IF EXISTS `products`;
CREATE TABLE `products` (
  `id` bigint(20) NOT NULL,
  `category_id` int(10) DEFAULT NULL,
  `sku` varchar(32) DEFAULT NULL,
  `name` varchar(191) NOT NULL,
  `description` varchar(191) DEFAULT NULL,
  `picture_name` varchar(191) DEFAULT NULL,
  `price` decimal(8,2) NOT NULL,
  `current_discount` decimal(8,2) DEFAULT 0.00,
  `stock` int(10) NOT NULL,
  `product_unit` varchar(32) DEFAULT NULL,
  `is_available` tinyint(1) DEFAULT 1,
  `add_date` datetime DEFAULT NULL
) ENGINE=InnoDB DEFAULT CHARSET=utf8mb4;

--
-- Dumping data for table `products`
--

INSERT INTO `products` (`id`, `category_id`, `sku`, `name`, `description`, `picture_name`, `price`, `current_discount`, `stock`, `product_unit`, `is_available`, `add_date`) VALUES
(15, 9, 'PKDGT4GPDK710425', 'Palu Karet Dengan Gagang Tpr 435 Gr', NULL, 'Palu-1.png', '74900.00', '0.00', 10, 'buah', 1, '2021-06-21 14:10:25'),
(16, 9, 'TPJ3CPDK810516', 'Tactix Palu Joiner 3 Cm', NULL, 'Kapak-1.png', '87500.00', '0.00', 10, 'buah', 1, '2021-06-21 14:11:56'),
(17, 13, 'KSPM2PKP410768', 'Krisbow Set Perkakas Mekanik 28 Pcs', NULL, 'Kotak-1.png', '439900.00', '0.00', 10, 'buah', 1, '2021-06-21 14:16:08'),
(18, 13, 'KSPM2C8PKP110824', 'Krisbow Set Perkakas Motor 20x11x2 Cm 8 Pcs', NULL, 'Kotak-2.png', '149900.00', '0.00', 10, 'buah', 1, '2021-06-21 14:17:04'),
(19, 10, 'TGPSLC2CPDP110901', 'Tactix Gunting Potong Seng Left Cut 25 Cm', NULL, 'Tang-1.png', '189900.00', '0.00', 10, 'buah', 1, '2021-06-21 14:18:21'),
(20, 10, 'AGB2IPDP310984', 'Ace Gunting Besi 24 Inci', NULL, 'Tang-2.png', '339900.00', '0.00', 10, 'buah', 1, '2021-06-21 14:19:44'),
(21, 11, 'TPK1CPDG110148', 'Tactix Pahat Kayu 1.3 Cm', NULL, 'Kikir-1.png', '139900.00', '0.00', 10, 'buah', 1, '2021-06-21 14:22:28'),
(22, 11, 'KTPLKDAPPDG910210', 'Krisbow Tang Pembuat Lubang Kulit Dengan Alat Press', NULL, 'Kikir-2.png', '97300.00', '0.00', 10, 'buah', 1, '2021-06-21 14:23:30'),
(23, 12, 'KC6M2P2PP310356', 'Krisbow Coupler 6 Mm 2 Pcs 20sf', NULL, 'Coupler-2.png', '39900.00', '0.00', 10, 'buah', 1, '2021-06-21 14:25:56'),
(24, 12, 'KC6M2P2PP110411', 'Krisbow Coupler 6 Mm 2 Pcs 20sf', NULL, 'Coupler-1.png', '19900.00', '0.00', 10, 'buah', 1, '2021-06-21 14:26:51');

-- --------------------------------------------------------

--
-- Table structure for table `product_category`
--

DROP TABLE IF EXISTS `product_category`;
CREATE TABLE `product_category` (
  `id` int(10) NOT NULL,
  `name` varchar(191) NOT NULL
) ENGINE=InnoDB DEFAULT CHARSET=utf8mb4;

--
-- Dumping data for table `product_category`
--

INSERT INTO `product_category` (`id`, `name`) VALUES
(9, 'Palu dan Kapak'),
(10, 'Pemotong dan Pisau'),
(11, 'Pengikir dan Gerinda'),
(12, 'Peralatan Pneumatic'),
(13, 'Kotak Perkakas');

-- --------------------------------------------------------

--
-- Table structure for table `reviews`
--

DROP TABLE IF EXISTS `reviews`;
CREATE TABLE `reviews` (
  `id` bigint(20) NOT NULL,
  `user_id` bigint(20) UNSIGNED DEFAULT NULL,
  `order_id` bigint(20) DEFAULT NULL,
  `title` varchar(191) DEFAULT NULL,
  `review_text` mediumtext NOT NULL,
  `review_date` datetime NOT NULL,
  `status` tinyint(1) NOT NULL DEFAULT 1
) ENGINE=InnoDB DEFAULT CHARSET=utf8mb4;

--
-- Dumping data for table `reviews`
--

INSERT INTO `reviews` (`id`, `user_id`, `order_id`, `title`, `review_text`, `review_date`, `status`) VALUES
(4, 9, 12, 'Tanya 1', 'asdghjklpoiuytrewqazxcvbnm,', '2021-06-21 20:57:24', 1);

-- --------------------------------------------------------

--
-- Table structure for table `settings`
--

DROP TABLE IF EXISTS `settings`;
CREATE TABLE `settings` (
  `id` int(10) NOT NULL,
  `key` varchar(32) NOT NULL,
  `content` text NOT NULL
) ENGINE=InnoDB DEFAULT CHARSET=utf8mb4;

--
-- Dumping data for table `settings`
--

INSERT INTO `settings` (`id`, `key`, `content`) VALUES
(1, 'current_theme_name', 'vegefoods'),
(2, 'store_name', 'Toko Hadijaya'),
(3, 'store_phone_number', '082281666584'),
(4, 'store_email', 'tokohadijaya@gmail.com'),
(5, 'store_tagline', 'Belanja perkakas anda'),
(6, 'store_logo', 'Logo.png'),
(7, 'max_product_image_size', '20000'),
(8, 'store_description', 'Beli perkakas Anda dengan murah, mudah dan cepat'),
(9, 'store_address', 'Jl. Medan Baru VI, RT 12 RW 06 Kel. Kandang Limun'),
(10, 'min_shop_to_free_shipping_cost', '20000'),
(11, 'shipping_cost', '3000'),
(12, 'payment_banks', '{\"bank-jago-xx\":{\"bank\":\"BANK JAGO xx\",\"number\":\"123\",\"name\":\"Martin Mulyo Syahidin\"},\"bank-jagoss\":{\"bank\":\"BANK JAGOss\",\"number\":\"xs\",\"name\":\"as\"},\"bank-jagossxx\":{\"bank\":\"BANK JAGOssxx\",\"number\":\"asd\",\"name\":\"Admin Koramil\"}}');

-- --------------------------------------------------------

--
-- Table structure for table `users`
--

DROP TABLE IF EXISTS `users`;
CREATE TABLE `users` (
  `id` bigint(20) UNSIGNED NOT NULL,
  `name` varchar(50) COLLATE utf8mb4_unicode_ci DEFAULT NULL,
  `email` varchar(191) COLLATE utf8mb4_unicode_ci NOT NULL,
  `email_verified_at` timestamp NULL DEFAULT NULL,
  `username` varchar(16) COLLATE utf8mb4_unicode_ci NOT NULL,
  `password` varchar(191) COLLATE utf8mb4_unicode_ci NOT NULL,
  `profile_picture` varchar(128) COLLATE utf8mb4_unicode_ci DEFAULT NULL,
  `role` varchar(32) COLLATE utf8mb4_unicode_ci DEFAULT '0' COMMENT '1 = admin, 2 = customer',
  `register_date` datetime DEFAULT NULL
) ENGINE=InnoDB DEFAULT CHARSET=utf8mb4 COLLATE=utf8mb4_unicode_ci;

--
-- Dumping data for table `users`
--

INSERT INTO `users` (`id`, `name`, `email`, `email_verified_at`, `username`, `password`, `profile_picture`, `role`, `register_date`) VALUES
(1, 'Admin Toko Hadijaya', 'admin@local.test', NULL, 'admin', '$2y$10$eXldXIB/wzFCwfsatDqGgu4WSOyJmIdCn4xs.uaYbiHeOWwCpbnuu', 'agung1.png', 'admin', NULL),
(7, 'Customer Toko Sayur', 'customer@local.test', NULL, 'customer', '$2y$10$6C/A5Yy1gt4yhStWDWN1M.isBaznzDc.MZJdIj7UddW3.qIX5vDvK', NULL, 'customer', '2020-03-29 08:14:30'),
(9, NULL, 'sierravelin@gmail.com', NULL, 'evelynn', '$2y$10$fOQRA.Ffya/jLik3Emt4Lui57m5gHCczRqzt5Au.IPUY10b/m7j.6', NULL, 'customer', '2021-06-21 20:51:57');

--
-- Indexes for dumped tables
--

--
-- Indexes for table `ci_sessions`
--
ALTER TABLE `ci_sessions`
  ADD KEY `ci_sessions_timestamp` (`timestamp`);

--
-- Indexes for table `contacts`
--
ALTER TABLE `contacts`
  ADD PRIMARY KEY (`id`),
  ADD KEY `FK_contacts_contacts` (`parent_id`);

--
-- Indexes for table `coupons`
--
ALTER TABLE `coupons`
  ADD PRIMARY KEY (`id`);

--
-- Indexes for table `customers`
--
ALTER TABLE `customers`
  ADD PRIMARY KEY (`id`),
  ADD KEY `FK_customers_users` (`user_id`);

--
-- Indexes for table `orders`
--
ALTER TABLE `orders`
  ADD PRIMARY KEY (`id`),
  ADD KEY `FK_orders_users` (`user_id`),
  ADD KEY `FK_orders_coupons` (`coupon_id`);

--
-- Indexes for table `order_items`
--
ALTER TABLE `order_items`
  ADD PRIMARY KEY (`id`),
  ADD KEY `order_id` (`order_id`),
  ADD KEY `product_id` (`product_id`);

--
-- Indexes for table `payments`
--
ALTER TABLE `payments`
  ADD PRIMARY KEY (`id`),
  ADD KEY `order_id` (`order_id`);

--
-- Indexes for table `products`
--
ALTER TABLE `products`
  ADD PRIMARY KEY (`id`),
  ADD KEY `FK_products_product_category` (`category_id`);

--
-- Indexes for table `product_category`
--
ALTER TABLE `product_category`
  ADD PRIMARY KEY (`id`);

--
-- Indexes for table `reviews`
--
ALTER TABLE `reviews`
  ADD PRIMARY KEY (`id`),
  ADD KEY `FK_reviews_users` (`user_id`),
  ADD KEY `FK_reviews_orders` (`order_id`);

--
-- Indexes for table `settings`
--
ALTER TABLE `settings`
  ADD PRIMARY KEY (`id`) USING BTREE;

--
-- Indexes for table `users`
--
ALTER TABLE `users`
  ADD PRIMARY KEY (`id`) USING BTREE,
  ADD UNIQUE KEY `users_email_unique` (`email`) USING BTREE;

--
-- AUTO_INCREMENT for dumped tables
--

--
-- AUTO_INCREMENT for table `contacts`
--
ALTER TABLE `contacts`
  MODIFY `id` int(10) NOT NULL AUTO_INCREMENT, AUTO_INCREMENT=3;

--
-- AUTO_INCREMENT for table `coupons`
--
ALTER TABLE `coupons`
  MODIFY `id` bigint(20) NOT NULL AUTO_INCREMENT, AUTO_INCREMENT=6;

--
-- AUTO_INCREMENT for table `customers`
--
ALTER TABLE `customers`
  MODIFY `id` bigint(20) NOT NULL AUTO_INCREMENT, AUTO_INCREMENT=9;

--
-- AUTO_INCREMENT for table `orders`
--
ALTER TABLE `orders`
  MODIFY `id` bigint(20) NOT NULL AUTO_INCREMENT, AUTO_INCREMENT=13;

--
-- AUTO_INCREMENT for table `order_items`
--
ALTER TABLE `order_items`
  MODIFY `id` bigint(20) NOT NULL AUTO_INCREMENT, AUTO_INCREMENT=20;

--
-- AUTO_INCREMENT for table `payments`
--
ALTER TABLE `payments`
  MODIFY `id` bigint(20) NOT NULL AUTO_INCREMENT, AUTO_INCREMENT=8;

--
-- AUTO_INCREMENT for table `products`
--
ALTER TABLE `products`
  MODIFY `id` bigint(20) NOT NULL AUTO_INCREMENT, AUTO_INCREMENT=25;

--
-- AUTO_INCREMENT for table `product_category`
--
ALTER TABLE `product_category`
  MODIFY `id` int(10) NOT NULL AUTO_INCREMENT, AUTO_INCREMENT=14;

--
-- AUTO_INCREMENT for table `reviews`
--
ALTER TABLE `reviews`
  MODIFY `id` bigint(20) NOT NULL AUTO_INCREMENT, AUTO_INCREMENT=5;

--
-- AUTO_INCREMENT for table `settings`
--
ALTER TABLE `settings`
  MODIFY `id` int(10) NOT NULL AUTO_INCREMENT, AUTO_INCREMENT=13;

--
-- AUTO_INCREMENT for table `users`
--
ALTER TABLE `users`
  MODIFY `id` bigint(20) UNSIGNED NOT NULL AUTO_INCREMENT, AUTO_INCREMENT=10;

--
-- Constraints for dumped tables
--

--
-- Constraints for table `contacts`
--
ALTER TABLE `contacts`
  ADD CONSTRAINT `FK_contacts_contacts` FOREIGN KEY (`parent_id`) REFERENCES `contacts` (`id`) ON DELETE CASCADE ON UPDATE NO ACTION;

--
-- Constraints for table `customers`
--
ALTER TABLE `customers`
  ADD CONSTRAINT `FK_customers_users` FOREIGN KEY (`user_id`) REFERENCES `users` (`id`) ON DELETE NO ACTION ON UPDATE CASCADE;

--
-- Constraints for table `orders`
--
ALTER TABLE `orders`
  ADD CONSTRAINT `FK_orders_coupons` FOREIGN KEY (`coupon_id`) REFERENCES `coupons` (`id`) ON DELETE SET NULL ON UPDATE CASCADE,
  ADD CONSTRAINT `FK_orders_users` FOREIGN KEY (`user_id`) REFERENCES `users` (`id`) ON DELETE NO ACTION ON UPDATE CASCADE;

--
-- Constraints for table `order_items`
--
ALTER TABLE `order_items`
  ADD CONSTRAINT `order_items_ibfk_1` FOREIGN KEY (`order_id`) REFERENCES `orders` (`id`) ON DELETE CASCADE ON UPDATE NO ACTION,
  ADD CONSTRAINT `order_items_ibfk_2` FOREIGN KEY (`product_id`) REFERENCES `products` (`id`) ON DELETE CASCADE ON UPDATE NO ACTION;
COMMIT;

/*!40101 SET CHARACTER_SET_CLIENT=@OLD_CHARACTER_SET_CLIENT */;
/*!40101 SET CHARACTER_SET_RESULTS=@OLD_CHARACTER_SET_RESULTS */;
/*!40101 SET COLLATION_CONNECTION=@OLD_COLLATION_CONNECTION */;
